/*
 Navicat Premium Data Transfer

 Source Server         : ssay
 Source Server Type    : MySQL
 Source Server Version : 50730
 Source Host           : 129.211.43.95:3306
 Source Schema         : pay_system_db

 Target Server Type    : MySQL
 Target Server Version : 50730
 File Encoding         : 65001

 Date: 20/05/2020 21:12:49
*/

SET NAMES utf8mb4;
SET FOREIGN_KEY_CHECKS = 0;

-- ----------------------------
-- Table structure for t_admin
-- ----------------------------
DROP TABLE IF EXISTS `t_admin`;
CREATE TABLE `t_admin`  (
  `username` varchar(32) CHARACTER SET utf8mb4 COLLATE utf8mb4_general_ci NOT NULL COMMENT '用户名',
  `password` varchar(32) CHARACTER SET utf8mb4 COLLATE utf8mb4_general_ci NOT NULL COMMENT '密码',
  PRIMARY KEY (`username`) USING BTREE
) ENGINE = InnoDB CHARACTER SET = utf8 COLLATE = utf8_general_ci COMMENT = '管理员表' ROW_FORMAT = Dynamic;

-- ----------------------------
-- Records of t_admin
-- ----------------------------
INSERT INTO `t_admin` VALUES ('lzs', '62693C4AB0DBA487D1F979BB42321C7E');

-- ----------------------------
-- Table structure for t_product
-- ----------------------------
DROP TABLE IF EXISTS `t_product`;
CREATE TABLE `t_product`  (
  `pid` varchar(36) CHARACTER SET utf8 COLLATE utf8_general_ci NOT NULL COMMENT '商品ID',
  `pname` varchar(50) CHARACTER SET utf8 COLLATE utf8_general_ci NULL DEFAULT NULL COMMENT '商品名称',
  `pdesc` varchar(255) CHARACTER SET utf8 COLLATE utf8_general_ci NULL DEFAULT NULL COMMENT '商品描述',
  `market_price` decimal(10, 2) NULL DEFAULT NULL COMMENT '商品原价',
  `shop_price` decimal(10, 2) NULL DEFAULT NULL COMMENT '商品现价',
  `pnum` int(6) NULL DEFAULT NULL COMMENT '商品数量',
  `pimage` varchar(255) CHARACTER SET utf8 COLLATE utf8_general_ci NULL DEFAULT NULL COMMENT '商品图片',
  `sid` varchar(36) CHARACTER SET utf8 COLLATE utf8_general_ci NULL DEFAULT NULL COMMENT '商家ID',
  `create_time` datetime(0) NULL DEFAULT CURRENT_TIMESTAMP(0) COMMENT '添加时间',
  `update_time` datetime(0) NOT NULL DEFAULT CURRENT_TIMESTAMP(0) ON UPDATE CURRENT_TIMESTAMP(0),
  PRIMARY KEY (`pid`) USING BTREE
) ENGINE = InnoDB CHARACTER SET = utf8 COLLATE = utf8_general_ci ROW_FORMAT = Dynamic;

-- ----------------------------
-- Records of t_product
-- ----------------------------
INSERT INTO `t_product` VALUES ('0F178758DD384CCFB0BAB5E766E29B3E', '小米 红米2A 增强版 白色', '新增至2GB 内存+16GB容量！4G双卡双待，联芯 4 核 1.5GHz 处理器！', 3567.00, 3566.00, 2, 'resources/product_img/8CA8DE21F4554CCD87253C63F00CEAA1.jpg', 'C0B318125B67454E9717960C1E21A3CE', '2020-05-06 10:07:06', '2020-05-06 10:07:06');
INSERT INTO `t_product` VALUES ('1916730ACC9149E99A5E407589118683', '小米 4c 标准版', '小米 4c 标准版 全网通 白色 移动联通电信4G手机 双卡双待', 3999.00, 2999.00, 10, 'resources/product_img/C1E1D767600C46919A290DD622B94F64.jpg', '12907B72849341BC8565DDC26A1C5A78', '2020-05-04 17:39:52', '2020-05-07 20:21:04');
INSERT INTO `t_product` VALUES ('1FB270604D2C4EC195FA1A11B33B4780', '每日坚果', '【满300减220】三只松鼠 休闲零食 碧根果120g/袋160g/袋每日坚果炒货 160g', 15.00, 11.20, 7, 'resources/product_img/EAE1AC53302F423CB929D49EA6F4B592.jpg', '12907B72849341BC8565DDC26A1C5A78', '2020-05-14 13:11:09', '2020-05-14 13:11:09');
INSERT INTO `t_product` VALUES ('30B33412449B434C82487308D1898F03', '华为荣耀6', '荣耀 6 (H60-L01) 3GB内存标准版 黑色 移动4G手机', 56.00, 33.00, 5, 'resources/product_img/345D0B3894574AB78D90F11E38EF514A.jpg', 'C0B318125B67454E9717960C1E21A3CE', '2020-05-05 23:37:50', '2020-05-07 13:54:52');
INSERT INTO `t_product` VALUES ('323AC017535C4D5895FB2F72CF135E5B', '菠萝蜜', '海南黄肉菠萝蜜越南红肉菠萝蜜京东新鲜热带水果 海南黄肉菠萝蜜17-20斤', 99.00, 88.00, 3, 'resources/product_img/3D5AB5041FF942FB87A71E1AEC1C70B3.png', '12907B72849341BC8565DDC26A1C5A78', '2020-05-17 13:31:03', '2020-05-17 13:31:03');
INSERT INTO `t_product` VALUES ('3EC220478C754157AF87A06F119F8347', '华为 Ascend Mate7', '华为 Ascend Mate7 月光银 移动4G手机 双卡双待双通6英寸高清大屏，纤薄机身，智能超八核，按压式指纹识别！!选择下方“移动老用户4G飞享合约”，无需换号，还有话费每月返还！', 3666.00, 3555.00, 12, 'resources/product_img/75C869652F1E43C3A05D6589F394BF21.jpg', 'C0B318125B67454E9717960C1E21A3CE', '2020-05-04 17:40:56', '2020-05-07 13:54:55');
INSERT INTO `t_product` VALUES ('4A5F292E49574EE08A45DD01EC0C9238', '中兴 AXON', '中兴 AXON 天机 mini 压力屏版 B2015 华尔金 移动联通电信4G 双卡双待', 5666.00, 5333.00, 6, 'resources/product_img/AB19851E5C9E48F4A733ECDC47B49A0C.jpg', 'C0B318125B67454E9717960C1E21A3CE', '2020-05-04 17:44:09', '2020-05-07 13:54:57');
INSERT INTO `t_product` VALUES ('4ED6D419041D4162989A28AFE7C727A3', 'HTC One M9+', 'HTC One M9+（M9pw） 金银汇 移动联通双4G手机5.2英寸，8核CPU，指纹识别，UltraPixel超像素前置相机+2000万/200万后置双镜头相机！降价特卖，惊喜不断！', 1666.00, 1333.00, 60, 'resources/product_img/B9942F6C946C4E4AA9EBB35D64E88268.jpg', '12907B72849341BC8565DDC26A1C5A78', '2020-05-04 17:43:09', '2020-05-07 20:20:40');
INSERT INTO `t_product` VALUES ('6CD2D76F916F4A5EACC73F81E363EC72', 'vivo X5Pro', '移动联通双4G手机 3G运存版 极光白【购机送蓝牙耳机+蓝牙自拍杆】新升级3G运行内存·双2.5D弧面玻璃·眼球识别技术', 4999.00, 4888.00, 50, 'resources/product_img/DA1EAFA7747945A6AC818F47F9195840.jpg', 'C0B318125B67454E9717960C1E21A3CE', '2020-05-04 17:41:35', '2020-05-07 13:55:08');
INSERT INTO `t_product` VALUES ('AB178A02A54A4D1498911E539A4C0F8E', 'HTC Desire 826d 32G 臻珠白', '后置1300万+UltraPixel超像素前置摄像头+【双】前置扬声器+5.5英寸【1080p】大屏！', 5666.00, 4999.00, 3, 'resources/product_img/65B6131EF0004C458BBEAE0129573AB3.jpg', 'C0B318125B67454E9717960C1E21A3CE', '2020-05-04 16:58:35', '2020-05-07 13:55:11');
INSERT INTO `t_product` VALUES ('E0175109E93B4BCEA8B4DD7DFFDC4890', 'sonim XP7700 4G手机', '三防智能手机 移动/联通双4G 安全 黑黄色 双4G美国军工IP69 30天长待机 3米防水防摔 北斗', 3456.00, 3333.00, 6, 'resources/product_img/31111BD9892344E7876E2DFC8EDE72C8.jpg', '12907B72849341BC8565DDC26A1C5A78', '2020-05-05 11:11:49', '2020-05-07 20:20:43');
INSERT INTO `t_product` VALUES ('E1E79E833F9F4A13ABC2B82C0889849D', 'Apple iPhone 6 (A1586)', 'Apple iPhone 6 (A1586) 16GB 金色 移动联通电信4G手机长期省才是真的省！点击购机送费版，月月送话费，月月享优惠，畅享4G网络，就在联通4G！', 6999.00, 5999.00, 3, 'resources/product_img/DF7B447E9E4E49969561DD37EFAA4EF9.jpg', 'C0B318125B67454E9717960C1E21A3CE', '2020-05-04 17:42:11', '2020-05-07 13:55:19');

-- ----------------------------
-- Table structure for t_public_key
-- ----------------------------
DROP TABLE IF EXISTS `t_public_key`;
CREATE TABLE `t_public_key`  (
  `id` varchar(36) CHARACTER SET latin1 COLLATE latin1_swedish_ci NOT NULL,
  `public_key` varchar(255) CHARACTER SET latin1 COLLATE latin1_swedish_ci NULL DEFAULT NULL,
  PRIMARY KEY (`id`) USING BTREE
) ENGINE = InnoDB CHARACTER SET = utf8 COLLATE = utf8_general_ci COMMENT = '公钥表' ROW_FORMAT = Dynamic;

-- ----------------------------
-- Records of t_public_key
-- ----------------------------
INSERT INTO `t_public_key` VALUES ('12907B72849341BC8565DDC26A1C5A78', 'MFkwEwYHKoZIzj0CAQYIKoZIzj0DAQcDQgAESUB5BSoNUDMSX9t+fE8dTpO7WsO40H/hg2iIcXq2\nd8ohsnuHA9/woQcyQR5e9Pl/0WLtmYEsPB7nQeEqOqdx2g==');
INSERT INTO `t_public_key` VALUES ('12A00123D0ED48079164530BCD677773', 'MFkwEwYHKoZIzj0CAQYIKoZIzj0DAQcDQgAE3AFteJvjrL7Vh+aWTvIE3FrZFvXhvAIScI3RPOvq\n9PyBG05tcDh9uO4IGzUiE4KvVitksxPu6Q8nsINbImYOpQ==');
INSERT INTO `t_public_key` VALUES ('141FDCAA52FE4D95B7A710739E0705B6', 'MFkwEwYHKoZIzj0CAQYIKoZIzj0DAQcDQgAEGQubXuCZ5k0MA/yKC5ZnbQekKbwmpel/0ME0PwBL\nMSB+R1mh/7kx/onr5ECg6UtvirosSDg6ajO6zUzcWRI3yg==');
INSERT INTO `t_public_key` VALUES ('359DC7A0416A4DAA94040192B39D669F', 'MFkwEwYHKoZIzj0CAQYIKoZIzj0DAQcDQgAEkxAoIbO/MRktcVXNOCwcTJDGIONWAuEOLL76Z8L5\n+SZV4LxLF6Wx6W2nWeAU+Z22mVue18rJ4WoiqGVjOfDoZw==');
INSERT INTO `t_public_key` VALUES ('45C680E828C6456F82405999877F3743', 'MFkwEwYHKoZIzj0CAQYIKoZIzj0DAQcDQgAEWqpL8c/yF+SeibbKOZ7+w8pRa3YEPFikBnWvJJpY\nxtQzPCuCaDgLnqrY6llUIaS1MTEpk/yVDpc9GQgo+BNC0Q==');
INSERT INTO `t_public_key` VALUES ('672DF932A7424ABEA32D795717BF0AA5', 'MFkwEwYHKoZIzj0CAQYIKoZIzj0DAQcDQgAEUsbXwQoBYLCb81pQbDy0OaFvnM38nhgsYK8oryw2\ngk4FbbAckNSAwhIceIPL0jLNspQBIrg4GtfRSXhMmXAAkA==');
INSERT INTO `t_public_key` VALUES ('7433B646A5B048BC80F766395176D1E2', 'MFkwEwYHKoZIzj0CAQYIKoZIzj0DAQcDQgAEsqajJFWg485i4+pFZP4Jeo1TOvk4zR1W8gVBTE3z\nbW1Z4sBHS3oANhAvFS3q6qEn53UbzFgI661M7hHZQW+3XQ==');
INSERT INTO `t_public_key` VALUES ('7A64431EA9E44FBBA49C3AE20B7D97BE', 'MFkwEwYHKoZIzj0CAQYIKoZIzj0DAQcDQgAEY3lBKQrpBtBHNbZ7VL4p/USsKW/J16zdOdroFH7q\nPM5qWKQC7d5SbKSwQ4iTF7d9L3y8b/3YU/8XO+UhIduCSg==');
INSERT INTO `t_public_key` VALUES ('B3C00EA343444A34A3A2E658350522E7', 'MFkwEwYHKoZIzj0CAQYIKoZIzj0DAQcDQgAERKlgYlGUnCNDTiz/7mBS60PmP4UBpvnVnP0S3wB+\nZJCHKRsDcz+x24DPbSLmjhz7Gm7Oku5SdjXL/U2F/4URmQ==');
INSERT INTO `t_public_key` VALUES ('C0B318125B67454E9717960C1E21A3CE', 'MFkwEwYHKoZIzj0CAQYIKoZIzj0DAQcDQgAEfm1i+4TY9iWSsnhkLdtXJZ00hUxNUiYHh6w8VXgx\n7bOdoIvXN5VcCacue9mUEa2uCF+4ycxzikBWgTCghDDU/w==');
INSERT INTO `t_public_key` VALUES ('C1CA49C6ECE642809CACF732B0B13951', 'MFkwEwYHKoZIzj0CAQYIKoZIzj0DAQcDQgAEZ5+NqbX8v/J/vCvnl6saFVArzUj94BpepBqIFDVQ\n+fVeKOaB2WOv0QGNCxOvqsw/mIOlVBoTjIptyt3hi4SUUg==');
INSERT INTO `t_public_key` VALUES ('E7679A1390604F66971380542FD6F2A8', 'MFkwEwYHKoZIzj0CAQYIKoZIzj0DAQcDQgAEdE31UNvAPmBLondh4FVKTS4hZarfSyEJiJr4KHpr\n20W5RjQJoMYi3Eh+6kKx5XsfTrnISmyOwB3wnorUOKV7Vw==');
INSERT INTO `t_public_key` VALUES ('F119B0E5032F48EC8CD47D5AF0182E6D', 'MFkwEwYHKoZIzj0CAQYIKoZIzj0DAQcDQgAEKPkI10SdtlRrS63ZaljoGdbcrRzIXK7a9hBXS/Oy\nWgt9bGBK5Acm2PDZTlk+xw45eFqHShIA9F8IIAeOC0eptw==');

-- ----------------------------
-- Table structure for t_record
-- ----------------------------
DROP TABLE IF EXISTS `t_record`;
CREATE TABLE `t_record`  (
  `id` varchar(36) CHARACTER SET utf8 COLLATE utf8_general_ci NOT NULL COMMENT '付款ID',
  `shop_id` varchar(255) CHARACTER SET utf8 COLLATE utf8_general_ci NULL DEFAULT NULL COMMENT '商家ID',
  `user_id` varchar(255) CHARACTER SET utf8 COLLATE utf8_general_ci NULL DEFAULT NULL COMMENT '用户ID',
  `amount` decimal(10, 2) NULL DEFAULT NULL COMMENT '交易金额',
  `create_time` datetime(0) NULL DEFAULT CURRENT_TIMESTAMP(0) COMMENT '交易时间',
  PRIMARY KEY (`id`) USING BTREE
) ENGINE = InnoDB CHARACTER SET = utf8 COLLATE = utf8_general_ci ROW_FORMAT = Dynamic;

-- ----------------------------
-- Records of t_record
-- ----------------------------
INSERT INTO `t_record` VALUES ('195421D7527743BCA407614CB682E5A2', '141FDCAA52FE4D95B7A710739E0705B6', '7A64431EA9E44FBBA49C3AE20B7D97BE', 68.00, '2020-05-08 09:26:17');
INSERT INTO `t_record` VALUES ('246535ED4CD848789005DF4F5B29FA50', '12907B72849341BC8565DDC26A1C5A78', '672DF932A7424ABEA32D795717BF0AA5', 264.00, '2020-05-17 21:14:15');
INSERT INTO `t_record` VALUES ('36199DF20E104D12B3A9299E0A1EC542', 'C0B318125B67454E9717960C1E21A3CE', 'B3C00EA343444A34A3A2E658350522E7', 10698.00, '2020-05-07 20:08:53');
INSERT INTO `t_record` VALUES ('4C28BD2760A34938817DD3D591CE5D22', '12907B72849341BC8565DDC26A1C5A78', '672DF932A7424ABEA32D795717BF0AA5', 33.60, '2020-05-14 18:08:30');
INSERT INTO `t_record` VALUES ('5507C97F50C047A3916EB691044675CA', '12907B72849341BC8565DDC26A1C5A78', '672DF932A7424ABEA32D795717BF0AA5', 8997.00, '2020-05-07 20:31:07');
INSERT INTO `t_record` VALUES ('B46407F5EF134CE487EAE9DDF0A02DAA', 'C0B318125B67454E9717960C1E21A3CE', 'E7679A1390604F66971380542FD6F2A8', 66.00, '2020-05-07 20:50:50');
INSERT INTO `t_record` VALUES ('C019988D52734145B86706184BED3D53', '45C680E828C6456F82405999877F3743', '7433B646A5B048BC80F766395176D1E2', 68.00, '2020-05-08 09:56:13');

-- ----------------------------
-- Table structure for t_shop
-- ----------------------------
DROP TABLE IF EXISTS `t_shop`;
CREATE TABLE `t_shop`  (
  `id` varchar(36) CHARACTER SET utf8 COLLATE utf8_unicode_ci NOT NULL COMMENT '主键ID',
  `shop_name` varchar(255) CHARACTER SET utf8 COLLATE utf8_unicode_ci NOT NULL COMMENT '商家名',
  `phone` varchar(20) CHARACTER SET utf8 COLLATE utf8_unicode_ci NULL DEFAULT NULL COMMENT '手机号码',
  `password` varchar(255) CHARACTER SET utf8 COLLATE utf8_unicode_ci NULL DEFAULT NULL COMMENT '密码',
  `balance` decimal(10, 2) UNSIGNED NULL DEFAULT NULL COMMENT '余额',
  PRIMARY KEY (`id`) USING BTREE
) ENGINE = InnoDB CHARACTER SET = utf8 COLLATE = utf8_general_ci COMMENT = '商家表' ROW_FORMAT = Dynamic;

-- ----------------------------
-- Records of t_shop
-- ----------------------------
INSERT INTO `t_shop` VALUES ('12907B72849341BC8565DDC26A1C5A78', '啦啦啦', '3245467', '2317FA0BCFD188A65B79F2B2DE5BE34E', 9294.60);
INSERT INTO `t_shop` VALUES ('12A00123D0ED48079164530BCD677773', 'ridiculous', '13001990665', '5A5002EF66477C2C6D9242667F9F4755', 0.00);
INSERT INTO `t_shop` VALUES ('141FDCAA52FE4D95B7A710739E0705B6', 'zzz', '6769698', '466D5EAC21AAFB6E78C0E3C34C94E3E9', 68.00);
INSERT INTO `t_shop` VALUES ('359DC7A0416A4DAA94040192B39D669F', '520156723', '13051608500', '6BFC713CDE0D836F983AECBAEC826F1A', 0.00);
INSERT INTO `t_shop` VALUES ('45C680E828C6456F82405999877F3743', 'aaa', '17832435', '1DD80C2AD5C41790084D0BC05636D861', 68.00);
INSERT INTO `t_shop` VALUES ('C0B318125B67454E9717960C1E21A3CE', '哈哈哈', '87979', 'F415C9EC858AA2F731924F181C770C19', 10764.00);
INSERT INTO `t_shop` VALUES ('C1CA49C6ECE642809CACF732B0B13951', '123', '12312312312', 'F43F0C7D1A325E7D5AA2BBA859E3F05A', 0.00);
INSERT INTO `t_shop` VALUES ('F119B0E5032F48EC8CD47D5AF0182E6D', 'BadMan', '89788432', 'CEAA140BEB6A1F10C2FD758DC47A88AA', 0.00);

-- ----------------------------
-- Table structure for t_user
-- ----------------------------
DROP TABLE IF EXISTS `t_user`;
CREATE TABLE `t_user`  (
  `id` varchar(36) CHARACTER SET utf8 COLLATE utf8_general_ci NOT NULL COMMENT '主键ID',
  `username` varchar(255) CHARACTER SET utf8 COLLATE utf8_general_ci NOT NULL COMMENT '用户名',
  `phone` varchar(20) CHARACTER SET utf8 COLLATE utf8_general_ci NULL DEFAULT NULL COMMENT '手机号码',
  `email` varchar(255) CHARACTER SET utf8 COLLATE utf8_general_ci NULL DEFAULT NULL COMMENT '邮箱',
  `password` varchar(255) CHARACTER SET utf8 COLLATE utf8_general_ci NULL DEFAULT NULL COMMENT '登录密码',
  `pay_pwd` varchar(255) CHARACTER SET utf8 COLLATE utf8_general_ci NULL DEFAULT NULL COMMENT '支付密码',
  `balance` decimal(10, 2) UNSIGNED NULL DEFAULT NULL COMMENT '余额',
  `avatar` varchar(350) CHARACTER SET utf8 COLLATE utf8_general_ci NULL DEFAULT NULL COMMENT '头像',
  `sex` varchar(2) CHARACTER SET utf8 COLLATE utf8_general_ci NULL DEFAULT NULL COMMENT '性别',
  `sign` varchar(300) CHARACTER SET utf8 COLLATE utf8_general_ci NULL DEFAULT '这个人太懒了，什么也没有留下！' COMMENT '个性签名',
  PRIMARY KEY (`id`) USING BTREE
) ENGINE = InnoDB CHARACTER SET = utf8 COLLATE = utf8_general_ci COMMENT = '用户表' ROW_FORMAT = Dynamic;

-- ----------------------------
-- Records of t_user
-- ----------------------------
INSERT INTO `t_user` VALUES ('672DF932A7424ABEA32D795717BF0AA5', '啊啊啊', '32143547', NULL, 'D647C274B5D61463520380940E3D4131', 'C079970527C47F562E4AF4374ED08E06', 3.00, NULL, NULL, '这个人太懒了，什么也没有留下！');
INSERT INTO `t_user` VALUES ('7433B646A5B048BC80F766395176D1E2', 'yyy', '232432543', NULL, 'D6A107C9403D23FF05373D0B74A510F5', '274D23C955E497C21DA196E0ACAA8F2A', 9932.00, NULL, NULL, '这个人太懒了，什么也没有留下！');
INSERT INTO `t_user` VALUES ('7A64431EA9E44FBBA49C3AE20B7D97BE', 'xxx', '17832435', NULL, 'D4ED64946E36B173E8C4E4C3BFEF3625', '76D899CF8A306243CCBDD3DF9F2D0BD0', 32.00, NULL, NULL, '这个人太懒了，什么也没有留下！');
INSERT INTO `t_user` VALUES ('B3C00EA343444A34A3A2E658350522E7', '妈妈呀', '23435346', NULL, '09EECCD9ECAD80114C61CF7F8253662A', 'E3A3504CE49FF91205BC353F14A6BE9B', 9302.00, NULL, NULL, '这个人太懒了，什么也没有留下！');
INSERT INTO `t_user` VALUES ('E7679A1390604F66971380542FD6F2A8', 'LLL', '13368929665', NULL, 'A22129EE6131B49ED8C11D6E6591C7A2', '2E1F0690B95BEE55BB48F83E72FF61F5', 19934.00, NULL, NULL, '这个人太懒了，什么也没有留下！');

SET FOREIGN_KEY_CHECKS = 1;
